Unnamed: 0.1,Unnamed: 0,location,clientindex,region_code,typeofplace,speedallowed,constantdevice,constantplace,geolatitude,geolongitude,geoformat,city_name_arabic,city_name_english,nic_code,Streat_Name_Arabic,Streat_Name_English,Direction,Province_arabic,Province_english,address09,Bus_Speed,Car_Speed,Truck_Speed,address13,address14,address15,ingestion_date,number_of_lanes
0,42900,RUHSM001,CL01,R1,CCTV,,,,24.74018333333333,46.62716666666667,,الرياض,Riyadh,1,طريق الامير تركي الاول باتجاه الجنوب,Prince Turki road towards the south,S,,,,,,,,,80001.0,2025-02-12 11:47:27,3.0
1,42902,RUHSM009,CL01,R1,CCTV,,,,24.720816666666668,46.60588333333333,,الرياض,Riyadh,1,طريق الملك خالد بالقرب من جامعه الملك سعود,King Khaled Rd,N,طريق الملك خالد بالقرب من جامعه الملك سعود,King Khaled Rd,,,,,,,80009.0,2025-02-12 11:47:27,6.0
2,42904,RUHSM012,CL01,R1,CCTV,,,,24.64835,46.7946,,الرياض,Riyadh,1,الدائري الشرقي قبل مخرج 17,East Ring Rd,N,,,,,,,,,80012.0,2025-01-27 11:20:42,5.0
3,42910,RUHSM051,CL01,R1,CCTV,,,,24.55818333333333,46.67666666666667,,الرياض,Riyadh,1,طريق ديراب,Dirab Rd,E,طريق ديراب,Dirab Rd,,,,,,,80051.0,2025-01-27 11:20:43,4.0
4,42912,RUHSM077,CL01,R1,CCTV,,,,24.810866666666666,46.734633333333335,,الرياض,Riyadh,1,طريق سعيد بن زيد,Said Ibn Zayd Rd,N,طريق سعيد بن زيد,Said Ibn Zayd Rd,,,,,,,80077.0,2025-02-12 11:47:27,3.0
5,42913,RUHSM098,CL01,R1,CCTV,,,,24.81823333333333,46.84611666666667,,الرياض,Riyadh,1,طريق الجنادرية,AL Janadriyah Rd,N,طريق الجنادرية,AL Janadriyah Rd,,,,,,,80098.0,2025-02-12 11:47:27,4.0
6,42914,RUHSM100,CL01,R1,CCTV,,,,24.568716666666667,46.88985,,الرياض,Riyadh,1,امتداد الطريق الدائري الشرقي,Eastern Ring Rd Ext,S,امتداد الطريق الدائري الشرقي,Eastern Ring Rd Ext,,,,,,,80100.0,2025-02-12 11:47:27,3.0
7,42915,RUHSM117,CL01,R1,CCTV,,,,24.53763333333333,46.69106666666666,,الرياض,Riyadh,1,طريق الامام مسلم,Al Imam Muslim,S,طريق الامام مسلم,Al Imam Muslim,,,,,,,80117.0,2025-02-12 11:47:27,3.0
8,42917,RUHSM129,CL01,R1,CCTV,,,,24.68768333333333,46.71105,,الرياض,Riyadh,1,طريق مكة المكرمة,Makkah Al Mukarramah Rd,E,طريق مكة المكرمة,Makkah Al Mukarramah Rd,,,,,,,80129.0,2025-01-27 11:20:46,4.0
9,42919,RUHSM144,CL01,R1,CCTV,,,,24.5636,46.71765,,الرياض,Riyadh,1,طريق المروج,Al Muruj Rd,E,طريق المروج,Al Muruj Rd,,,,,,,80144.0,2025-01-27 11:20:46,5.0
10,42920,RUHSM145,CL01,R1,CCTV,,,,24.567166666666665,46.89223333333333,,الرياض,Riyadh,1,طريق الدائري الشرقي,Eastern Ring Road,W,طريق الدائري الشرقي,Eastern Ring Road,,,,,,,80145.0,2025-01-27 11:20:46,3.0
11,42922,RUHSM179,CL01,R1,CCTV,,,,25.0158,46.76663333333333,,الرياض,Riyadh,1,طريق الجنادرية,Al Janadriyah Road,S,طريق الجنادرية,Al Janadriyah Road,,,,,,,80179.0,2025-02-12 11:47:27,2.0
12,42923,RUHSM182,CL01,R1,CCTV,,,,24.64333333333333,46.83383333333333,,الرياض,Riyadh,1,لطريق الدائري الجنوبي,Southern Ring Rd,S,لطريق الدائري الجنوبي,Southern Ring Rd,,,,,,,80182.0,2025-01-27 11:20:46,5.0
13,42925,RUHSM212,CL01,R1,CCTV,,,,24.67225,46.82975,,الرياض,Riyadh,1,ابن ماجة,Ibn Majah,N,ابن ماجة,Ibn Majah,,,,,,,80212.0,2025-02-12 11:47:27,3.0
14,42926,RUHSM213,CL01,R1,CCTV,,,,24.67225,46.82975,,الرياض,Riyadh,1,ابن ماجة,Ibn Majah,S,ابن ماجة,Ibn Majah,,,,,,,80213.0,2025-01-27 11:20:46,3.0
15,42927,RUHSM218,CL01,R1,CCTV,,,,24.709816666666665,46.8452,,الرياض,Riyadh,1,طريق طلحة بن عبيدة,Talhah Ibn Obaidullah Rd,W,طريق طلحة بن عبيدة,Talhah Ibn Obaidullah Rd,,,,,,,80218.0,2024-12-08 14:06:27,4.0
16,42929,RUHSM246,CL01,R1,CCTV,,,,24.56063333333333,46.548633333333335,,الرياض,Riyadh,1,"شارع أحمد بن الخطاب, ظهرة نمار",Ahmad Ibn Alkhatab street,S,"شارع أحمد بن الخطاب, ظهرة نمار",Ahmad Ibn Alkhatab street,,,,,,,80246.0,2025-02-12 11:47:27,3.0
17,42930,RUHSM247,CL01,R1,CCTV,,,,24.56063333333333,46.548633333333335,,الرياض,Riyadh,1,"شارع أحمد بن الخطاب, ظهرة نمار",Ahmad Ibn Alkhatab street,N,"شارع أحمد بن الخطاب, ظهرة نمار",Ahmad Ibn Alkhatab street,,,,,,,80247.0,2024-12-08 14:06:28,3.0
18,42931,RUHSM252,CL01,R1,CCTV,,,,24.6505,46.78478333333334,,الرياض,Riyadh,1,"طريق المدينة المنورة, الفيصلية",Al Madinah Al Munawwarah Rd,W,"طريق المدينة المنورة, الفيصلية",Al Madinah Al Munawwarah Rd,,,,,,,80252.0,2024-12-08 14:06:27,3.0
19,42933,RUHSM258,CL01,R1,CCTV,,,,24.541716666666662,46.69608333333333,,الرياض,Riyadh,1,شارع الخليل بن أحمد,Al Khalil Ibn Ahmad,S,شارع الخليل بن أحمد,Al Khalil Ibn Ahmad,,,,,,,80258.0,2025-01-27 11:20:42,3.0
20,42935,RUHSM267,CL01,R1,CCTV,,,,24.884533333333334,46.72058333333333,,الرياض,Riyadh,1,طريق المطار,Airport Road,N,طريق المطار,Airport Road,,,,,,,80267.0,2025-02-12 11:47:27,3.0
21,42937,RUHSM304,CL01,R1,CCTV,,,,24.70195,46.64861666666667,,الرياض,Riyadh,1,طريق العروبة,Al Urubah Rd,E,طريق العروبة,Al Urubah Rd,,,,,,,80304.0,2024-12-08 14:06:30,5.0
22,42938,RUHSM312,CL01,R1,CCTV,,,,25.02113333333333,46.613166666666665,,الرياض,Riyadh,1,طريق بنبان المطار,Banban Airport Rd,E,طريق بنبان المطار,Banban Airport Rd,,,,,,,80312.0,2025-01-27 11:20:48,3.0
23,42939,RUHSM336,CL01,R1,CCTV,,,,24.906816666666668,46.9778,,الرياض,Riyadh,1,طريق خريص,Khurais Rd,W,طريق خريص,Khurais Rd,,,,,,,80336.0,2024-12-08 14:06:33,3.0
24,42942,RUHSM381,CL01,R1,CCTV,,,,24.841366666666666,46.80618333333334,,الرياض,Riyadh,1,شارع وادي الساحل,Al Sahel Valley St,S,شارع وادي الساحل,Al Sahel Valley St,,,,,,,80381.0,2025-02-12 11:47:28,6.0
25,42947,RUHSM432,CL01,R1,CCTV,,,,24.890686,46.807975,,الرياض,Riyadh,1,طريق الثمامة,Ath Thumamah Rd,N,طريق الثمامة,Ath Thumamah Rd,,,,,,,,2025-02-12 11:47:28,3.0
26,42948,RUHSM456,CL01,R1,CCTV,,,,24.55193333333333,46.6119,,الرياض,Riyadh,1,طريق نجم الدين الايوبي الفرعي,Najm Al Din Al Ayoubi,W,طريق نجم الدين الايوبي الفرعي,Najm Al Din Al Ayoubi,,,,,,,,2025-02-12 11:47:28,3.0
27,42950,RUHSM531,CL01,R1,CCTV,,,,24.607167,46.659944,,الرياض,Riyadh,1,طريق معاوية بن ابي سفيان,Muawiyah Ibn Abi Sufyan Road,S,طريق معاوية بن ابي سفيان,Muawiyah Ibn Abi Sufyan Road,,,,,,,,2025-01-27 11:20:47,3.0
28,42951,RUHSM555,CL01,R1,CCTV,,,,24.871935,46.660699,,الرياض,Riyadh,1,طريق عثمان بن عفان,Uthman Ibn Affan Rd,N,طريق عثمان بن عفان,Uthman Ibn Affan Rd,,,,,,,,2025-02-12 11:47:27,4.0
29,42952,RUHTE315,CL01,R1,CCTV,,,,24.6132,46.82175,,الرياض,Riyadh,1,امتداد الطريق الدائري الشرقي,Eastern Ring Rd Ext,S,امتداد الطريق الدائري الشرقي,Eastern Ring Rd Ext,,,,,,,84315.0,2024-12-08 14:06:33,3.0
30,42953,RUHTE337,CL01,R1,CCTV,,,,24.905416666666667,46.57405,,الرياض,Riyadh,1,طريق الملك فهد,King Fahd Rd,S,طريق الملك فهد,King Fahd Rd,,,,,,,84337.0,2024-12-08 14:06:33,3.0
31,45960,RUHSM015,CL01,R1,CCTV,,,,24.543866666666663,46.872483333333335,,الرياض,Riyadh,1,طريق الخرج القديم باتجاه الجنوب,Al Kharj Rd,S,,,,,,,,,80015.0,2024-12-08 14:06:28,5.0
32,45961,RUHSM019,CL01,R1,CCTV,,,,24.817966666666667,46.6187,,الرياض,Riyadh,1,طريق الملك فهد بإتجاه الجنوب,King Fahad Road South,S,طريق الملك فهد بإتجاه الجنوب,King Fahad Road South,24\24,,,,,,80019.0,2025-02-12 11:47:27,4.0
33,45962,RUHSM027,CL01,R1,CCTV,,,,24.67558333333333,46.65351666666667,,الرياض,Riyadh,1,طريق خريص تقاطع طريق الملك خالد,Khurais Road Cross King Khalied ,E,شارع خريص(طريق مكة لمكرمة) مع الملك خالد,Khurais Road Cross King Khalied ,,,,,,,80027.0,2025-01-27 11:20:42,3.0
34,45964,RUHSM032,CL01,R1,CCTV,,,,24.712066666666665,46.672,,الرياض,Riyadh,1,طريق الملك فهد,King Fahad Rd,S,طريق الملك فهد,King Fahad Rd,24\24,,,,,,80032.0,2025-01-27 11:20:45,4.0
35,45966,RUHSM059,CL01,R1,CCTV,,,,24.832016666666668,46.848333333333336,,الرياض,Riyadh,1,طريق الجنادرية,Al Janadriyah Rd,S,طريق الجنادرية,Al Janadriyah Rd,,,,,,,80059.0,2024-12-08 14:06:30,4.0
36,45968,RUHSM073,CL01,R1,CCTV,,,,24.687016666666665,46.631366666666665,,الرياض,Riyadh,1,شارع عمرو الضميري (السفارات),Amr Aldamri St(Al Safarat),W,شارع عمرو الضميري (السفارات),Amr Aldamri St(Al Safarat),,,,,,,80073.0,2025-02-12 11:47:27,3.0
37,45969,RUHSM102,CL01,R1,CCTV,,,,24.73506666666667,46.68201666666667,,الرياض,Riyadh,1,طريق الملك عبدالله,King Abdullah Rd,E,طريق الملك عبدالله,King Abdullah Rd,,,,,,,80102.0,2024-12-08 14:06:27,4.0
38,45970,RUHSM114,CL01,R1,CCTV,,,,24.54758333333333,46.71945,,الرياض,Riyadh,1,طريق عرفات,Arafat Rd,W,طريق عرفات,Arafat Rd,,80.0,80.0,80.0,,,80114.0,2025-01-27 11:20:42,5.0
39,45976,RUHSM153,CL01,R1,CCTV,,,,24.685783333333333,46.65213333333333,,الرياض,Riyadh,1,طريق ام الحمام ,Umm Al Hamam Rd,N,طريق ام الحمام ,Umm Al Hamam Rd,,,,,,,80153.0,2024-12-08 14:06:27,4.0
40,45977,RUHSM164,CL01,R1,CCTV,,,,24.57985,46.55166666666667,,الرياض,Riyadh,1,شارع بلال بن رباح,Bilal Ibn Rabah Rd,E,شارع بلال بن رباح,Bilal Ibn Rabah Rd,,,,,,,80164.0,2025-01-27 11:20:43,4.0
41,45979,RUHSM173,CL01,R1,CCTV,,,,24.79443333333333,46.6561,,الرياض,Riyadh,1,طريق الملك عبدالعزيز,King Abdulaziz Road,N,طريق الملك عبدالعزيز,King Abdulaziz Road,,,,,,,80173.0,2024-12-08 14:06:30,6.0
42,45981,RUHSM187,CL01,R1,CCTV,,,,24.642766666666667,46.73551666666667,,الرياض,Riyadh,1,طريق الخرج,Al Kharj Road,N,طريق الخرج,Al Kharj Road,,,,,,,80187.0,2024-12-08 14:06:30,4.0
43,45982,RUHSM190,CL01,R1,CCTV,,,,24.63275,46.56561666666666,,الرياض,Riyadh,1,طريق الشفاء,Al Shafa Rd,W,طريق الشفاء,Al Shafa Rd,,,,,,,80190.0,2025-01-27 11:20:42,3.0
44,45984,RUHSM195,CL01,R1,CCTV,,,,24.72971666666667,46.86443333333333,,الرياض,Riyadh,1,طريق الدائري الثاني,Second Ring Road,S,طريق الدائري الثاني,Second Ring Road,,,,,,,80195.0,2025-02-12 11:47:27,5.0
45,45985,RUHSM208,CL01,R1,CCTV,,,,24.82345,46.72873333333333,,الرياض,Riyadh,1,طريق سعيد بن زيد,Said Ibn Zayd Road,N,طريق سعيد بن زيد,Said Ibn Zayd Road,,,,,,,80208.0,2024-12-08 14:06:29,3.0
46,45986,RUHSM217,CL01,R1,CCTV,,,,24.5873,46.588683333333336,,الرياض,Riyadh,1,طريق خديجه بنت خويلد,Khadijah bint khuwailid Rd,E,طريق خديجه بنت خويلد,Khadijah bint khuwailid Rd,,,,,,,80217.0,2024-12-08 14:06:29,4.0
47,45988,RUHSM234,CL01,R1,CCTV,,,,24.54788333333333,46.6873,,الرياض,Riyadh,1,طريق الخليل بن أحمد,Al khalil Ibn Ahmad,W,طريق الخليل بن أحمد,Al khalil Ibn Ahmad,,,,,,,80234.0,2025-01-27 11:20:42,3.0
48,45990,RUHSM245,CL01,R1,CCTV,,,,24.59263333333333,46.5813,,الرياض,Riyadh,1,طريق أسماء بنت أبي بكر,Asma Bint Abi Bakr,S,طريق أسماء بنت أبي بكر,Asma Bint Abi Bakr,,,,,,,80245.0,2025-02-12 11:47:27,4.0
49,45991,RUHSM248,CL01,R1,CCTV,,,,24.559183333333333,46.5683,,الرياض,Riyadh,1,"شارع أحمد بن الخطاب, ظهرة نمار",Ahmad Ibn Alkhatab street,S,"شارع أحمد بن الخطاب, ظهرة نمار",Ahmad Ibn Alkhatab street,,,,,,,80248.0,2025-02-12 11:47:27,4.0
50,45992,RUHSM254,CL01,R1,CCTV,,,,24.6013,46.69815,,الرياض,Riyadh,1,شارع السويدي العام,Al Suwaidi  Al Am St,E,شارع السويدي العام,Al Suwaidi  Al Am St,,,,,,,80254.0,2024-12-08 14:06:27,4.0
51,45993,RUHSM271,CL01,R1,CCTV,,,,24.765716666666663,46.7542,,الرياض,Riyadh,1,طريق المللك عبدالله,King Abdullah Road,E,طريق المللك عبدالله,King Abdullah Road,,,,,,,80271.0,2025-02-12 11:47:27,3.0
52,45994,RUHSM279,CL01,R1,CCTV,,,,24.676033333333333,46.8503,,الرياض,Riyadh,1,شارع شبه الجزيرة,Shibh Al Jazirah Rd,S,شارع شبه الجزيرة,Shibh Al Jazirah Rd,,,,,,,80279.0,2025-01-27 11:20:42,5.0
53,45995,RUHSM281,CL01,R1,CCTV,,,,24.817916666666665,46.802733333333336,,الرياض,Riyadh,1,شارع الشيخ جابر الأحمد القادسيه,Sheikh Jaber Al-Ahmad Al-Sabah Street,S,شارع الشيخ جابر الأحمد القادسيه,Sheikh Jaber Al-Ahmad Al-Sabah Street,,,,,,,80281.0,2025-02-12 11:47:28,3.0
54,46000,RUHSM308,CL01,R1,CCTV,,,,24.622566666666668,46.5494,,الرياض,Riyadh,1,طريق نجد,Najd Road,W,طريق نجد,Najd Road,,80.0,80.0,80.0,,,80308.0,2024-12-08 14:06:33,4.0
55,46004,RUHSM359,CL01,R1,CCTV,,,,24.755316666666666,46.64991666666667,,الرياض,Riyadh,1,طريق الملك فهد,King Fahd Rd,N,طريق الملك فهد,King Fahd Rd,24\24,,,,,,80359.0,2025-02-12 11:47:28,5.0
56,46008,RUHSM429,CL01,R1,CCTV,,,,24.819433333333333,46.75195,,الرياض,Riyadh,1,عبد الرحمن الناصر,Abd Al Rahman Al Naser,S,عبد الرحمن الناصر,Abd Al Rahman Al Naser,,,,,,,,2025-01-27 11:20:50,3.0
57,46015,RUHSM547,CL01,R1,CCTV,,,,24.790639,46.854116,,الرياض,Riyadh,1,طريق السلطان قابوس بن سعيد,Sultan Qabus Ibn Saeed Rd,E,طريق السلطان قابوس بن سعيد,Sultan Qabus Ibn Saeed Rd,,,,,,,,2025-02-12 11:47:27,3.0
58,46016,RUHSM559,CL01,R1,CCTV,,,,24.544083,46.880639,,الرياض,Riyadh,1,شارع محمد ابي نقطة,Street Muhammad Abi Naqta,E,شارع محمد ابي نقطة,Street Muhammad Abi Naqta,,,,,,,,2025-02-12 11:47:27,2.0
59,46017,RUHTE304,CL01,R1,CCTV,,,,24.584,46.75318333333333,,الرياض,Riyadh,1,طريق النصر,An Nasr Rd,W,طريق النصر,An Nasr Rd,,,,,,,84304.0,2025-02-12 11:47:28,5.0
60,59984,RUHSM033,CL01,R1,CCTV,,,,24.789716666666667,46.71585,,الرياض,Riyadh,1,الدائري الشمالي,North Ring Rd,E,,,,,,,,,80033.0,2025-01-27 11:20:45,5.0
61,59985,RUHSM045,CL01,R1,CCTV,,,,24.6262,46.78358333333333,,الرياض,Riyadh,1,طريق الدائري الجنوبي,South Ring Road,W,,,,,,,,,80045.0,2025-01-27 11:20:44,5.0
62,59986,RUHSM052,CL01,R1,CCTV,,,,24.724316666666667,46.665866666666666,,الرياض,Riyadh,1,طريق  الملك فهد,King Fahad Rd,N,طريق  الملك فهد,King Fahad Rd,24\24,,,,,,80052.0,2025-02-12 11:47:27,4.0
63,59988,RUHSM062,CL01,R1,CCTV,,,,24.79788333333333,46.56941666666667,,الرياض,Riyadh,1,طريق الملك سلمان,King Salman Road ,W,طريق الملك سلمان,King Salman Road ,,,,,,,80062.0,2025-02-12 11:47:27,3.0
64,59990,RUHSM111,CL01,R1,CCTV,,,,24.84065,46.55376666666667,,الرياض,Riyadh,1,طريق صلبوخ ,Salbukh Rd,N,طريق صلبوخ ,Salbukh Rd,,,,,,,80111.0,2025-01-27 11:20:45,3.0
65,59991,RUHSM112,CL01,R1,CCTV,,,,24.5972,46.60825,,الرياض,Riyadh,1,شارع الإمام أبي حنيفة,Al Imam Abi Hanifah,W,شارع الإمام أبي حنيفة,Al Imam Abi Hanifah,,,,,,,80112.0,2025-01-27 11:20:42,3.0
66,59992,RUHSM116,CL01,R1,CCTV,,,,24.90748333333333,46.92113333333333,,الرياض,Riyadh,1,طريق الدمام,Dammam Rd,W,طريق الدمام,Dammam Rd,,,,,,,80116.0,2025-02-12 11:47:27,4.0
67,59994,RUHSM140,CL01,R1,CCTV,,,,24.87698333333333,46.8059,,الرياض,Riyadh,1,طريق الثمامة,Ath Thumamah Rd,S,طريق الثمامة,Ath Thumamah Rd,,,,,,,80140.0,2024-12-08 14:06:29,3.0
68,59995,RUHSM147,CL01,R1,CCTV,,,,24.60365,46.6192,,الرياض,Riyadh,1,"طريق الإمام أبي حنيفة, العريجاء الأوسط",Al Imam Abi Hanifah Road,E,"طريق الإمام أبي حنيفة, العريجاء الأوسط",Al Imam Abi Hanifah Road,,,,,,,80147.0,2025-02-12 11:47:27,4.0
69,59996,RUHSM152,CL01,R1,CCTV,,,,24.685783333333333,46.65213333333333,,الرياض,Riyadh,1,طريق ام الحمام,Umm Al Hamam Rd,S,طريق ام الحمام,Umm Al Hamam Rd,,,,,,,80152.0,2025-01-27 11:20:43,4.0
70,59998,RUHSM160,CL01,R1,CCTV,,,,24.6086,46.77276666666667,,الرياض,Riyadh,1,طريق الخرج,Al kharj Rd,N,طريق الخرج,Al kharj Rd,,,,,,,80160.0,2024-12-08 14:06:29,5.0
71,59999,RUHSM170,CL01,R1,CCTV,,,,24.59786666666667,46.61736666666667,,الرياض,Riyadh,1,طريق حمزة بن عبدالمطلب,Hamzah Ibn Abdul Muttalib Rd,S,طريق حمزة بن عبدالمطلب,Hamzah Ibn Abdul Muttalib Rd,,,,,,,80170.0,2025-01-27 11:20:46,4.0
72,60001,RUHSM191,CL01,R1,CCTV,,,,24.812933333333334,46.676033333333336,,الرياض,Riyadh,1,شارع الثمامة الندى,Ath Thumamah Rd,S,شارع الثمامة الندى,Ath Thumamah Rd,,,,,,,80191.0,2024-12-08 14:06:28,4.0
73,60002,RUHSM201,CL01,R1,CCTV,,,,24.615266666666667,46.7573,,الرياض,Riyadh,1,طريق الخرج,Al Kharj Road,S,طريق الخرج,Al Kharj Road,,,,,,,80201.0,2025-01-27 11:20:43,4.0
74,60003,RUHSM209,CL01,R1,CCTV,,,,24.82345,46.72873333333333,,الرياض,Riyadh,1,طريق سعيد بن زيد,Said Ibn Zayd Road,S,طريق سعيد بن زيد,Said Ibn Zayd Road,,,,,,,80209.0,2025-02-12 11:47:27,3.0
75,60004,RUHSM210,CL01,R1,CCTV,,,,24.743166666666667,46.80018333333334,,الرياض,Riyadh,1,طريق عبدالرحمن الناصر,Abdulrahaman An Nasir,S,طريق عبدالرحمن الناصر,Abdulrahaman An Nasir,,,,,,,80210.0,2025-02-12 11:47:27,3.0
76,60005,RUHSM225,CL01,R1,CCTV,,,,24.74643333333333,46.82353333333333,,الرياض,Riyadh,1,طريق حسان بن ثابت,Hassan Ibn Thabit Road,S,طريق حسان بن ثابت,Hassan Ibn Thabit Road,,,,,,,80225.0,2024-12-08 14:06:28,3.0
77,60007,RUHSM238,CL01,R1,CCTV,,,,24.495066666666663,46.94385,,الرياض,Riyadh,1,طريق الخرج,Al Kharj Rd,S,طريق الخرج,Al Kharj Rd,,,,,,,80238.0,2024-12-08 14:06:29,3.0
78,60008,RUHSM241,CL01,R1,CCTV,,,,24.648816666666665,46.7142,,الرياض,Riyadh,1,الامير عبدالعزيز بن مساعد بن جلوي,Prince Abdulaziz Ibn Musaid Ibn Jalawi St,N,الامير عبدالعزيز بن مساعد بن جلوي,Prince Abdulaziz Ibn Musaid Ibn Jalawi St,,,,,,,80241.0,2024-12-08 14:06:27,4.0
79,60009,RUHSM244,CL01,R1,CCTV,,,,24.59263333333333,46.5813,,الرياض,Riyadh,1,طريق أسماء بنت أبي بكر,Asma Bint Abi Bakr,N,طريق أسماء بنت أبي بكر,Asma Bint Abi Bakr,,,,,,,80244.0,2024-12-08 14:06:28,4.0
80,60010,RUHSM262,CL01,R1,CCTV,,,,24.762016666666668,46.81105,,الرياض,Riyadh,1,طريق سلمان الفارسي,Salman Al Farsi,N,طريق سلمان الفارسي,Salman Al Farsi,,,,,,,80262.0,2024-12-08 14:06:27,3.0
81,60012,RUHSM276,CL01,R1,CCTV,,,,24.8343,46.790866666666666,,الرياض,Riyadh,1,شارع الشيخ جابر الأحمد الصباح,Ashaikh Jaber Alahmed Alsabah Rd,S,شارع الشيخ جابر الأحمد الصباح,Ashaikh Jaber Alahmed Alsabah Rd,,,,,,,80276.0,2024-12-08 14:06:30,3.0
82,60013,RUHSM280,CL01,R1,CCTV,,,,24.817916666666665,46.802733333333336,,الرياض,Riyadh,1,شارع الشيخ جابر الأحمد القادسيه,Sheikh Jaber Al-Ahmad Al-Sabah Street,N,شارع الشيخ جابر الأحمد القادسيه,Sheikh Jaber Al-Ahmad Al-Sabah Street,,,,,,,80280.0,2025-01-27 11:20:42,3.0
83,60014,RUHSM291,CL01,R1,CCTV,,,,24.61553333333333,46.7153,,الرياض,Riyadh,1,ال فريان,Al Farian,S,ال فريان,Al Farian,,,,,,,80291.0,2025-01-27 11:20:48,3.0
84,60017,RUHSM306,CL01,R1,CCTV,,,,24.70605,46.657516666666666,,الرياض,Riyadh,1,طريق العروبة,Al Urubah Rd,W,طريق العروبة,Al Urubah Rd,,,,,,,80306.0,2024-12-08 14:06:30,4.0
85,60018,RUHSM325,CL01,R1,CCTV,,,,24.57881666666667,46.74155,,الرياض,Riyadh,1,طريق النصر,An Nasr Rd,E,طريق النصر,An Nasr Rd,,,,,,,80325.0,2025-01-27 11:20:48,3.0
86,60022,RUHSM368,CL01,R1,CCTV,,,,24.63518333333333,46.62235,,الرياض,Riyadh,1,طريق الأمير أحمد بن عبدالعزيز,Prince Ahmed Bin Abdulaziz Rd,W,طريق الأمير أحمد بن عبدالعزيز,Prince Ahmed Bin Abdulaziz Rd,,,,,,,80368.0,2025-02-12 11:47:28,3.0
87,60025,RUHSM468,CL01,R1,CCTV,,,,24.626622,46.520031,,الرياض,Riyadh,1,طريق الطايف,Taif Rd,E,طريق الطايف,Taif Rd,,,,,,,,2025-02-12 11:47:27,4.0
88,60027,RUHSM577,CL01,R1,CCTV,,,,24.856315,46.737353,,الرياض,Riyadh,1,طريق السدر,AL SIDR ROAD,S,طريق السدر,AL SIDR ROAD,,,,,,,,2025-01-27 11:20:47,3.0
89,60028,RUHTE333,CL01,R1,CCTV,,,,24.64375,46.5916,,الرياض,Riyadh,1,طريق جدة,Jeddah Rd,E,طريق جدة,Jeddah Rd,,,,,,,84333.0,2024-12-08 14:06:33,4.0
90,60029,RUHTE334,CL01,R1,CCTV,,,,24.631166666666665,46.8758,,الرياض,Riyadh,1,الطريق الدائري الثاني,Second Ring Rd,N,الطريق الدائري الثاني,Second Ring Rd,,,,,,,84334.0,2025-01-27 11:20:48,4.0
91,62935,RUHSM021,CL01,R1,CCTV,,,,24.947866666666663,47.4831,,الرياض,Riyadh,1,طريق الخرج الجديد باتجاه الشمال 2,New Kharj Road North,N,طريق الخرج الجديد باتجاه الشمال 2,New Kharj Road North,,,,,,,80021.0,2025-01-27 11:20:42,3.0
92,62936,RUHSM023,CL01,R1,CCTV,,,,24.78053333333333,46.72853333333333,,الرياض,Riyadh,1,الدائري الشرقي بعد مخرج 9,Eastern Ring Road,N,الدائري الشرقي بعد مخرج 9,Eastern Ring Road,,,,,,,80023.0,2025-01-27 11:20:42,5.0
93,62937,RUHSM029,CL01,R1,CCTV,,,,24.969383333333333,46.78215,,الرياض,Riyadh,1,طريق الثمامه باتجاه الشمال,Thumammah Road North ,N,طريق الثمامه باتجاه الشمال ,Thumammah Road North ,,,,,,,80029.0,2024-12-08 14:06:27,3.0
94,62940,RUHSM042,CL01,R1,CCTV,,,,24.740716666666668,46.59871666666667,,الرياض,Riyadh,1,طريق الدائري الشمالي قبل مخرج صلبوخ,Northern Ring Road,W,,,,,,,,,80042.0,2025-01-27 11:20:45,5.0
95,62941,RUHSM046,CL01,R1,CCTV,,,,24.58563333333333,46.69525,,الرياض,Riyadh,1,طريق الدائري جنوبي,South Ring Road,E,,,,,,,,,80046.0,2025-01-27 11:20:47,5.0
96,62944,RUHSM070,CL01,R1,CCTV,,,,24.69435,46.56345,,الرياض,Riyadh,1,طريق الدائري الغربي,Western Ring Rd,S,طريق الدائري الغربي,Western Ring Rd,,,,,,,80070.0,2024-12-08 14:06:27,5.0
97,62945,RUHSM071,CL01,R1,CCTV,,,,24.6713,46.62246666666667,,الرياض,Riyadh,1,شارع عبدالله السهمي (السفارات),Abdullah AlSahmi St(Al Safarat),N,شارع عبدالله السهمي (السفارات),Abdullah AlSahmi St(Al Safarat),,,,,,,80071.0,2025-01-27 11:20:46,3.0
98,62946,RUHSM072,CL01,R1,CCTV,,,,24.6713,46.62246666666667,,الرياض,Riyadh,1,شارع عبدالله السهمي (السفارات),Abdullah AlSahmi St(Al Safarat),S,شارع عبدالله السهمي (السفارات),Abdullah AlSahmi St(Al Safarat),,,,,,,80072.0,2025-02-12 11:47:27,3.0
99,62947,RUHSM080,CL01,R1,CCTV,,,,24.55901666666667,46.62278333333333,,الرياض,Riyadh,1,الشيخ اسحاق بن عبد الرحمن بن حسن,Shaikh Abdul Rahman Ibn Hassan,W,الشيخ اسحاق بن عبد الرحمن بن حسن,Shaikh Abdul Rahman Ibn Hassan,,,,,,,80080.0,2025-01-27 11:20:46,3.0
100,62948,RUHSM095,CL01,R1,CCTV,,,,24.780066666666663,46.85296666666667,,الرياض,Riyadh,1,طريق خريص,Khurais Rd,E,طريق خريص,Khurais Rd,,,,,,,80095.0,2025-01-27 11:20:46,4.0
101,62949,RUHSM096,CL01,R1,CCTV,,,,24.53495,46.69826666666667,,الرياض,Riyadh,1,طريق الخليفة المأمون,Al Khalifah Al Mamoon,N,طريق الخليفة المأمون,Al Khalifah Al Mamoon,,,,,,,80096.0,2025-02-12 11:47:27,4.0
102,62951,RUHSM106,CL01,R1,CCTV,,,,24.708783333333333,46.765883333333335,,الرياض,Riyadh,1,طريق الدائري الشرقي,Eastern Ring Rd,N,طريق الدائري الشرقي,Eastern Ring Rd,,,,,,,80106.0,2025-02-12 11:47:27,5.0
103,62952,RUHSM113,CL01,R1,CCTV,,,,24.5972,46.60825,,الرياض,Riyadh,1,شارع الإمام أبي حنيفة,Al Imam Abi Hanifah,E,شارع الإمام أبي حنيفة,Al Imam Abi Hanifah,,,,,,,80113.0,2024-12-08 14:06:28,3.0
104,62954,RUHSM121,CL01,R1,CCTV,,,,24.6461,46.68585,,الرياض,Riyadh,1,طريق الأميرطلال بن عبدالعزيز,Prince Talal bin Abdulaziz Rd,E,طريق الأميرطلال بن عبدالعزيز,Prince Talal bin Abdulaziz Rd,,,,,,,80121.0,2025-01-27 11:20:42,3.0
105,62955,RUHSM122,CL01,R1,CCTV,,,,24.79585,46.72963333333333,,الرياض,Riyadh,1,طريق الدمام,Dammam Rd,W,طريق الدمام,Dammam Rd,,,,,,,80122.0,2025-02-12 11:47:27,6.0
106,62958,RUHSM168,CL01,R1,CCTV,,,,24.584416666666662,46.75488333333333,,الرياض,Riyadh,1,شارع النصر,An Nasr Rd,E,شارع النصر,An Nasr Rd,,,,,,,80168.0,2024-12-08 14:06:30,4.0
107,62959,RUHSM178,CL01,R1,CCTV,,,,25.0158,46.76663333333333,,الرياض,Riyadh,1,طريق الجنادرية,Al Janadriyah Road,N,طريق الجنادرية,Al Janadriyah Road,,,,,,,80178.0,2025-02-12 11:47:27,2.0
108,62961,RUHSM192,CL01,R1,CCTV,,,,24.812933333333334,46.676033333333336,,الرياض,Riyadh,1,شارع الثمامة الندى,Ath Thumamah Rd,N,شارع الثمامة الندى,Ath Thumamah Rd,,,,,,,80192.0,2024-12-08 14:06:27,4.0
109,62962,RUHSM198,CL01,R1,CCTV,,,,24.769416666666668,46.66835,,الرياض,Riyadh,1,طريق الملك عبدالعزيز,King Abdulaziz Rd,S,طريق الملك عبدالعزيز,King Abdulaziz Rd,,,,,,,80198.0,2025-02-12 11:47:27,5.0
110,62965,RUHSM250,CL01,R1,CCTV,,,,24.796266666666668,46.77818333333333,,الرياض,Riyadh,1,طريق الإمام عبدالله بن سعود بن أشبيلية,Imam Abdullah Bin Saud Bin Abdulaziz Rd,E,طريق الإمام عبدالله بن سعود بن أشبيلية,Imam Abdullah Bin Saud Bin Abdulaziz Rd,,,,,,,80250.0,2025-02-12 11:47:28,3.0
111,62968,RUHSM313,CL01,R1,CCTV,,,,25.02113333333333,46.613166666666665,,الرياض,Riyadh,1,طريق بنبان المطار,Banban Airport Rd,W,طريق بنبان المطار,Banban Airport Rd,,,,,,,80313.0,2025-01-27 11:20:48,3.0
112,62970,RUHSM345,CL01,R1,CCTV,,,,24.6961,46.85628333333333,,الرياض,Riyadh,1,طريق الدائري الثاني,Second Ring Road,S,طريق الدائري الثاني,Second Ring Road,,,,,,,80345.0,2025-01-27 11:20:48,5.0
113,62971,RUHSM358,CL01,R1,CCTV,,,,24.7911,46.63208333333333,,الرياض,Riyadh,1,طريق الملك فهد,King Fahd Rd,N,طريق الملك فهد,King Fahd Rd,,,,,,,80358.0,2024-12-08 14:06:33,3.0
114,62972,RUHSM369,CL01,R1,CCTV,,,,24.63518333333333,46.62235,,الرياض,Riyadh,1,طريق الأمير أحمد بن عبدالعزيز,Prince Ahmed Bin Abdulaziz Rd,E,طريق الأمير أحمد بن عبدالعزيز,Prince Ahmed Bin Abdulaziz Rd,,,,,,,80369.0,2025-01-27 11:20:48,3.0
115,62975,RUHSM396,CL01,R1,CCTV,,,,24.32938333333333,46.8736,,الرياض,Riyadh,1,طريق الحاير حوطة بني تميم,Al Haeer Hawtat Bni Tamim Rd,S,طريق الحاير حوطة بني تميم,Al Haeer Hawtat Bni Tamim Rd,,,,,,,,2024-12-08 14:06:34,3.0
116,62977,RUHSM452,CL01,R1,CCTV,,,,24.643596,46.692947,,الرياض,Riyadh,1,الامام عبدالعزيز بن محمد بن سعود,Al Imam AbdulAziz Bin Muhammad Bin Saud,N,الامام عبدالعزيز بن محمد بن سعود,Al Imam AbdulAziz Bin Muhammad Bin Saud,,,,,,,,2024-12-08 14:06:34,3.0
117,62978,RUHSM458,CL01,R1,CCTV,,,,24.819466666666667,46.75208333333333,,الرياض,Riyadh,1,عبد الرحمن الناصر,Abd Al Rahman Al Naser,N,عبد الرحمن الناصر,Abd Al Rahman Al Naser,,,,,,,,2025-01-27 11:20:50,3.0
118,62979,RUHSM460,CL01,R1,CCTV,,,,24.584953,46.655223,,الرياض,Riyadh,1,عائشة بنت ابي بكر,Ayesha Bint Abi Bakar,W,عائشة بنت ابي بكر,Ayesha Bint Abi Bakar,,,,,,,,2024-12-08 14:06:34,3.0
119,62981,RUHSM525,CL01,R1,CCTV,,,,25.012967,46.681,,الرياض,Riyadh,1,طريق المطار بنبان,Airport Banban Rd,S,طريق المطار بنبان,Airport Banban Rd,,,,,,,,2025-02-12 11:47:28,2.0
120,62982,RUHSM540,CL01,R1,CCTV,,,,24.6255,46.684805,,الرياض,Riyadh,1,الأمير فهد بن فيصل بن فرحان,Prince Fahad Bin Faisal Bin Farhan,W,الأمير فهد بن فيصل بن فرحان,Prince Fahad Bin Faisal Bin Farhan,,,,,,,,2025-01-27 11:20:47,2.0
121,62983,RUHSM541,CL01,R1,CCTV,,,,24.6255,46.684805,,الرياض,Riyadh,1,الأمير فهد بن فيصل بن فرحان,Prince Fahad Bin Faisal Bin Farhan,E,الأمير فهد بن فيصل بن فرحان,Prince Fahad Bin Faisal Bin Farhan,,,,,,,,2025-02-12 11:47:27,2.0
122,62984,RUHSM576,CL01,R1,CCTV,,,,24.856315,46.737353,,الرياض,Riyadh,1,طريق السدر,AL SIDR ROAD,N,طريق السدر,AL SIDR ROAD,,,,,,,,2025-02-12 11:47:27,3.0
123,62985,RUHTE309,CL01,R1,CCTV,,,,24.652466666666665,46.837066666666665,,الرياض,Riyadh,1,طريق الأمير محمد بن عبدالرحمن بن عبدالعزيز,Prince Mohammed Bin Abdulrahman Bin Abdulaziz,S,طريق الأمير محمد بن عبدالرحمن بن عبدالعزيز,Prince Mohammed Bin Abdulrahman Bin Abdulaziz,,,,,,,84309.0,2024-12-08 14:06:33,5.0
124,62986,RUHTE313,CL01,R1,CCTV,,,,24.72488333333333,46.84673333333333,,الرياض,Riyadh,1,شارع أبي هريرة,Abi Hourairah Street,N,شارع أبي هريرة,Abi Hourairah Street,,,,,,,84313.0,2024-12-08 14:06:33,4.0
125,62987,RUHTE316,CL01,R1,CCTV,,,,24.6132,46.82175,,الرياض,Riyadh,1,امتداد الطريق الدائري الشرقي,Eastern Ring Rd Ext,N,امتداد الطريق الدائري الشرقي,Eastern Ring Rd Ext,,,,,,,84316.0,2025-01-27 11:20:48,3.0
126,62988,RUHTE326,CL01,R1,CCTV,,,,24.84293333333333,46.6314,,الرياض,Riyadh,1,طريق الملك عبدالعزيز,King Abdul Aziz Rd,N,طريق الملك عبدالعزيز,King Abdul Aziz Rd,,,,,,,84326.0,2025-01-27 11:20:48,3.0
127,62989,RUHTE335,CL01,R1,CCTV,,,,24.631066666666666,46.87553333333334,,الرياض,Riyadh,1,الطريق الدائري الثاني,Second Ring Rd,S,الطريق الدائري الثاني,Second Ring Rd,,,,,,,84335.0,2025-02-12 11:47:28,4.0
128,66991,RUHSM022,CL01,R1,CCTV,,,,24.6703,46.66043333333333,,الرياض,Riyadh,1,طريق الملك خالد مع شارع ام الحمام باتجاه الشمال,King Khaled Road North,N,طريق الملك خالد مع شارع ام الحمام باتجاه الشمال ,King Khaled Road North,,,,,,,80022.0,2024-12-08 14:06:27,3.0
129,66992,RUHSM025,CL01,R1,CCTV,,,,24.76493333333333,46.65618333333333,,الرياض,Riyadh,1,الدائري الشمالي قبل مخرج 4,North Ring Road before Exit 4,W,الدائري الشمالي قبل مخرج 4,North Ring Road before Exit 4,,,,,,,80025.0,2024-12-08 14:06:27,6.0
130,66993,RUHSM026,CL01,R1,CCTV,,,,24.77313333333333,46.73193333333333,,الرياض,Riyadh,1,الدائري الشرقي قبل مخرج 10,Eastern Ring Road Before Exit 10,S,الدائري الشرقي قبل مخرج 10 ,Eastern Ring Road Before Exit 10,,,,,,,80026.0,2025-01-27 11:20:44,5.0
131,66995,RUHSM055,CL01,R1,CCTV,,,,24.611083333333333,46.70705,,الرياض,Riyadh,1,طريق الملك فهد,King Fahad Rd,N,طريق  الملك فهد,King Fahad Rd,24\24,,,,,,80055.0,2025-02-12 11:47:27,4.0
132,66996,RUHSM057,CL01,R1,CCTV,,,,24.665766666666663,46.61925,,الرياض,Riyadh,1,طريق مكة المكرمة,Makkah Al Mukarramah Rd ,E,طريق مكة المكرمة ,Makkah Al Mukarramah Rd ,,,,,,,80057.0,2024-12-08 14:06:27,5.0
133,66998,RUHSM110,CL01,R1,CCTV,,,,24.84088333333333,46.55308333333333,,الرياض,Riyadh,1,طريق صلبوخ ,Salbukh Rd,S,طريق صلبوخ ,Salbukh Rd,,,,,,,80110.0,2025-02-12 11:47:27,3.0
134,66999,RUHSM125,CL01,R1,CCTV,,,,24.77188333333333,46.73256666666666,,الرياض,Riyadh,1,طريق الدائري الشرقي,Eastern Ring Rd,S,طريق الدائري الشرقي,Eastern Ring Rd,,,,,,,80125.0,2025-02-12 11:47:27,5.0
135,67001,RUHSM141,CL01,R1,CCTV,,,,24.87698333333333,46.8059,,الرياض,Riyadh,1,طريق الثمامة,Ath Thumamah Rd,N,طريق الثمامة,Ath Thumamah Rd,,,,,,,80141.0,2025-02-12 11:47:27,3.0
136,67002,RUHSM142,CL01,R1,CCTV,,,,24.567416666666663,46.655483333333336,,الرياض,Riyadh,1,الطريق الدائري الجنوبي,Southern Ring Road,W,الطريق الدائري الجنوبي,Southern Ring Road,,,,,,,80142.0,2025-01-27 11:20:46,6.0
137,67003,RUHSM148,CL01,R1,CCTV,,,,24.60365,46.6192,,الرياض,Riyadh,1,"طريق الإمام أبي حنيفة, العريجاء الأوسط",Al Imam Abi Hanifah Road,W,"طريق الإمام أبي حنيفة, العريجاء الأوسط",Al Imam Abi Hanifah Road,,,,,,,80148.0,2024-12-08 14:06:28,3.0
138,67006,RUHSM207,CL01,R1,CCTV,,,,24.743,46.604866666666666,,الرياض,Riyadh,1,الطريق الدائري الشمالي,Northern Ring Rd,E,الطريق الدائري الشمالي,Northern Ring Rd,,,,,,,80207.0,2025-01-27 11:20:44,5.0
139,67009,RUHSM240,CL01,R1,CCTV,,,,24.648816666666665,46.7142,,الرياض,Riyadh,1,الامير عبدالعزيز بن مساعد بن جلوي,Prince Abdulaziz Ibn Musaid Ibn Jalawi St,S,الامير عبدالعزيز بن مساعد بن جلوي,Prince Abdulaziz Ibn Musaid Ibn Jalawi St,,,,,,,80240.0,2025-02-12 11:47:27,4.0
140,67010,RUHSM242,CL01,R1,CCTV,,,,24.562183333333333,46.53111666666667,,الرياض,Riyadh,1,طريق أحمد بن الخطاب,Ahmad Ibn Alkhattab,S,طريق أحمد بن الخطاب,Ahmad Ibn Alkhattab,,,,,,,80242.0,2025-01-27 11:20:43,3.0
141,67011,RUHSM263,CL01,R1,CCTV,,,,24.762016666666668,46.81105,,الرياض,Riyadh,1,طريق سلمان الفارسي,Salman Al Farsi,S,طريق سلمان الفارسي,Salman Al Farsi,,,,,,,80263.0,2024-12-08 14:06:27,4.0
142,67012,RUHSM275,CL01,R1,CCTV,,,,24.8343,46.790866666666666,,الرياض,Riyadh,1,شارع الشيخ جابر الأحمد الصباح,Ashaikh Jaber Alahmed Alsabah Rd,N,شارع الشيخ جابر الأحمد الصباح,Ashaikh Jaber Alahmed Alsabah Rd,,,,,,,80275.0,2025-02-12 11:47:27,3.0
143,67014,RUHSM286,CL01,R1,CCTV,,,,24.67193333333333,46.55823333333333,,الرياض,Riyadh,1,الطريق الدائري الغربي,Western Ring Road,S,الطريق الدائري الغربي,Western Ring Road,,,,,,,80286.0,2025-02-12 11:47:27,5.0
144,67015,RUHSM315,CL01,R1,CCTV,,,,24.54188333333333,46.70388333333333,,الرياض,Riyadh,1,الخليفة المامون,Al Khalifah Al Maamoun,S,الخليفة المامون,Al Khalifah Al Maamoun,,80.0,80.0,80.0,,,80315.0,2025-01-27 11:20:48,4.0
145,67016,RUHSM340,CL01,R1,CCTV,,,,24.928733333333334,46.71673333333333,,الرياض,Riyadh,1,طريق المطار,Airport Road,S,طريق المطار,Airport Road,,,,,,,80340.0,2025-02-12 11:47:27,3.0
146,67017,RUHSM397,CL01,R1,CCTV,,,,24.32938333333333,46.8736,,الرياض,Riyadh,1,طريق الحاير حوطة بني تميم,Al Haeer Hawtat Bni Tamim Rd,N,طريق الحاير حوطة بني تميم,Al Haeer Hawtat Bni Tamim Rd,,,,,,,,2024-12-08 14:06:34,3.0
147,67020,RUHSM451,CL01,R1,CCTV,,,,24.643596,46.692947,,الرياض,Riyadh,1,الامام عبدالعزيز بن محمد بن سعود,Al Imam AbdulAziz Bin Muhammad Bin Saud,S,الامام عبدالعزيز بن محمد بن سعود,Al Imam AbdulAziz Bin Muhammad Bin Saud,,,,,,,,2025-02-12 11:47:28,3.0
148,67021,RUHSM455,CL01,R1,CCTV,,,,24.55205,46.6119,,الرياض,Riyadh,1,طريق نجم الدين الايوبي الفرعي,Najm Al Din Al Ayoubi,E,طريق نجم الدين الايوبي الفرعي,Najm Al Din Al Ayoubi,,,,,,,,2025-01-27 11:20:50,3.0
149,67025,RUHSM542,CL01,R1,CCTV,,,,24.906995,46.643326,,الرياض,Riyadh,1,طريق عثمان بن عفان,Othman Bin Affan Rd,W,طريق عثمان بن عفان,Othman Bin Affan Rd,,,,,,,,2025-01-27 11:20:47,4.0
150,67026,RUHSM560,CL01,R1,CCTV,,,,24.544083,46.880639,,الرياض,Riyadh,1,شارع محمد ابي نقطة,Street Muhammad Abi Naqta,W,شارع محمد ابي نقطة,Street Muhammad Abi Naqta,,,,,,,,2025-01-27 11:20:47,2.0
151,67027,RUHTE306,CL01,R1,CCTV,,,,24.59018333333333,46.76831666666666,,الرياض,Riyadh,1,طريق النصر,An Nasr Rd,W,طريق النصر,An Nasr Rd,,,,,,,84306.0,2025-01-27 11:20:48,3.0
152,67028,RUHTE320,CL01,R1,CCTV,,,,24.58223333333333,46.80088333333333,,الرياض,Riyadh,1,طريق عرفات,Arafat Rd,E,طريق عرفات,Arafat Rd,,,,,,,84320.0,2024-12-08 14:06:32,4.0
153,67029,RUHTE327,CL01,R1,CCTV,,,,25.00195,46.525016666666666,,الرياض,Riyadh,1,طريق الملك فهد,King Fahd Rd,S,طريق الملك فهد,King Fahd Rd,,,,,,,84327.0,2025-02-12 11:47:28,3.0
154,67030,RUHTE329,CL01,R1,CCTV,,,,24.79765,46.64035,,الرياض,Riyadh,1,طريق الامام سعود بن فيصل,Al Imam Saud Ibn Faysal Rd,E,طريق الامام سعود بن فيصل,Al Imam Saud Ibn Faysal Rd,,,,,,,84329.0,2024-12-08 14:06:33,5.0
155,67031,RUHTE336,CL01,R1,CCTV,,,,24.90545,46.5742,,الرياض,Riyadh,1,طريق الملك فهد,King Fahd Rd,N,طريق الملك فهد,King Fahd Rd,,,,,,,84336.0,2025-01-27 11:20:48,4.0
156,68215,RUHSM002,CL01,R1,CCTV,,,,24.74018333333333,46.62716666666667,,الرياض,Riyadh,1,طريق الامير تركي الاول باتجاه الشمال,Prince Turki  Road North,N,,,,,,,,,80002.0,2025-01-27 11:20:41,3.0
157,68217,RUHSM024,CL01,R1,CCTV,,,,24.68005,46.65436666666667,,الرياض,Riyadh,1,طريق ام الحمام,Um Al Hamam Road,S,طريق ام الحمام,Um Al Hamam Road,,,,,,,80024.0,2024-12-08 14:06:27,3.0
158,68218,RUHSM030,CL01,R1,CCTV,,,,25.00143333333333,46.77085,,الرياض,Riyadh,1,طريق الثمامه باتجاه الجنوب,Thumammah Road South ,S,طريق الثمامه باتجاه الجنوب ,Thumammah Road South ,,,,,,,80030.0,2025-01-27 11:20:42,3.0
159,68219,RUHSM038,CL01,R1,CCTV,,,,24.68463333333333,46.70228333333333,,الرياض,Riyadh,1,طريق مكة المكرمة,Makkah Al Mukarramah Rd,W,,,,,,,,,80038.0,2025-02-12 11:47:27,4.0
160,68222,RUHSM044,CL01,R1,CCTV,,,,24.84,46.60716666666666,,الرياض,Riyadh,1,طريق الملك فهد,King Fahad Road,S,,,,,,,,,80044.0,2025-02-12 11:47:27,4.0
161,68223,RUHSM054,CL01,R1,CCTV,,,,24.612366666666667,46.70673333333333,,الرياض,Riyadh,1,طريق الملك فهد,King Fahad Rd,S,طريق  الملك فهد,King Fahad Rd,24\24,,,,,,80054.0,2025-02-12 11:47:27,4.0
162,68226,RUHSM069,CL01,R1,CCTV,,,,24.565566666666665,46.6251,,الرياض,Riyadh,1,طريق الدائري الغربي,Western Ring Rd,E,طريق الدائري الغربي,Western Ring Rd,,,,,,,80069.0,2025-01-27 11:20:43,5.0
163,68227,RUHSM078,CL01,R1,CCTV,,,,24.810866666666666,46.734633333333335,,الرياض,Riyadh,1,طريق سعيد بن زيد,Said Ibn Zayd Rd,S,طريق سعيد بن زيد,Said Ibn Zayd Rd,,,,,,,80078.0,2024-12-08 14:06:30,3.0
164,68228,RUHSM079,CL01,R1,CCTV,,,,24.55901666666667,46.62278333333333,,الرياض,Riyadh,1,الشيخ اسحاق بن عبد الرحمن بن حسن,Shaikh Abdul Rahman Ibn Hassan,E,الشيخ اسحاق بن عبد الرحمن بن حسن,Shaikh Abdul Rahman Ibn Hassan,,,,,,,80079.0,2025-02-12 11:47:27,2.0
165,68229,RUHSM097,CL01,R1,CCTV,,,,24.597966666666668,46.74375,,الرياض,Riyadh,1,طريق الدائري الجنوبي,Southern Ring Rd,S,طريق الدائري الجنوبي,Southern Ring Rd,,,,,,,80097.0,2025-01-27 11:20:46,5.0
166,68230,RUHSM188,CL01,R1,CCTV,,,,24.6013,46.63955,,الرياض,Riyadh,1,شارع ابن الجوزي,Ibn Al Jauzi Street,N,شارع ابن الجوزي,Ibn Al Jauzi Street,,,,,,,80188.0,2025-01-27 11:20:46,4.0
167,68236,RUHSM221,CL01,R1,CCTV,,,,24.640366666666665,46.75481666666667,,الرياض,Riyadh,1,طريق المدينة المنورة,Al Madinah Al Munawwarah Rd,E,طريق المدينة المنورة,Al Madinah Al Munawwarah Rd,,,,,,,80221.0,2024-12-08 14:06:27,4.0
168,73856,RUHSM224,CL01,R1,CCTV,,,,24.74643333333333,46.82353333333333,,الرياض,Riyadh,1,طريق حسان بن ثابت,Hassan Ibn Thabit Road,N,طريق حسان بن ثابت,Hassan Ibn Thabit Road,,,,,,,80224.0,2024-12-08 14:06:27,3.0
169,73857,RUHSM239,CL01,R1,CCTV,,,,24.495066666666663,46.94385,,الرياض,Riyadh,1,طريق الخرج,Al Kharj Rd,N,طريق الخرج,Al Kharj Rd,,,,,,,80239.0,2025-01-27 11:20:43,3.0
170,73858,RUHSM243,CL01,R1,CCTV,,,,24.562183333333333,46.53111666666667,,الرياض,Riyadh,1,طريق أحمد بن الخطاب,Ahmad Ibn Alkhattab,N,طريق أحمد بن الخطاب,Ahmad Ibn Alkhattab,,,,,,,80243.0,2025-01-27 11:20:43,3.0
171,73859,RUHSM249,CL01,R1,CCTV,,,,24.559183333333333,46.5683,,الرياض,Riyadh,1,"شارع أحمد بن الخطاب, ظهرة نمار",Ahmad Ibn Alkhatab street,N,"شارع أحمد بن الخطاب, ظهرة نمار",Ahmad Ibn Alkhatab street,,,,,,,80249.0,2025-02-12 11:47:27,4.0
172,73860,RUHSM253,CL01,R1,CCTV,,,,24.6505,46.78478333333334,,الرياض,Riyadh,1,"طريق المدينة المنورة, الفيصلية",Al Madinah Al Munawwarah Rd,E,"طريق المدينة المنورة, الفيصلية",Al Madinah Al Munawwarah Rd,,,,,,,80253.0,2024-12-08 14:06:29,3.0
173,73861,RUHSM255,CL01,R1,CCTV,,,,24.6013,46.69815,,الرياض,Riyadh,1,شارع السويدي العام,Al Suwaidi  Al Am St ,W,شارع السويدي العام,Al Suwaidi  Al Am St ,,,,,,,80255.0,2024-12-08 14:06:27,4.0
174,73863,RUHSM268,CL01,R1,CCTV,,,,24.5687,46.52791666666667,,الرياض,Riyadh,1,سليمان بن عبدالملك بن مروان,Sulayman Ibn Abdulmalik Ibn Marwan,S,سليمان بن عبدالملك بن مروان,Sulayman Ibn Abdulmalik Ibn Marwan,,,,,,,80268.0,2025-02-12 11:47:27,3.0
175,73864,RUHSM269,CL01,R1,CCTV,,,,24.5687,46.52791666666667,,الرياض,Riyadh,1,سليمان بن عبدالملك بن مروان,Sulayman Ibn Abdulmalik Ibn Marwan,N,سليمان بن عبدالملك بن مروان,Sulayman Ibn Abdulmalik Ibn Marwan,,,,,,,80269.0,2024-12-08 14:06:27,3.0
176,73865,RUHSM287,CL01,R1,CCTV,,,,24.64325,46.5462,,الرياض,Riyadh,1,طريق الطائف,Taif Rd,W,طريق الطائف,Taif Rd,,,,,,,80287.0,2025-02-12 11:47:27,4.0
177,73871,RUHSM360,CL01,R1,CCTV,,,,24.593366666666668,46.703633333333336,,الرياض,Riyadh,1,طريق الملك فهد,King Fahd Rd,S,طريق الملك فهد,King Fahd Rd,,,,,,,80360.0,2025-01-27 11:20:48,4.0
178,73882,RUHSM546,CL01,R1,CCTV,,,,24.790639,46.854116,,الرياض,Riyadh,1,طريق السلطان قابوس بن سعيد,Sultan Qabus Ibn Saeed Rd,W,طريق السلطان قابوس بن سعيد,Sultan Qabus Ibn Saeed Rd,,,,,,,,2025-01-27 11:20:47,3.0
179,73883,RUHTE311,CL01,R1,CCTV,,,,24.60645,46.73066666666666,,الرياض,Riyadh,1,البطحاء,Al Bathaa,N,البطحاء,Al Bathaa,,,,,,,,2024-12-08 14:06:32,4.0
180,73885,RUHTE317,CL01,R1,CCTV,,,,24.666733333333333,46.55993333333333,,الرياض,Riyadh,1,الطريق الدائري الغربي,Western Ring Rd,N,الطريق الدائري الغربي,Western Ring Rd,,,,,,,84317.0,2025-01-27 11:20:47,5.0
181,73886,RUHTE321,CL01,R1,CCTV,,,,24.582116666666668,46.800916666666666,,الرياض,Riyadh,1,طريق عرفات,Arafat Rd,W,طريق عرفات,Arafat Rd,,,,,,,84321.0,2025-01-27 11:20:48,4.0
182,73887,RUHTE325,CL01,R1,CCTV,,,,24.84293333333333,46.6314,,الرياض,Riyadh,1,طريق الملك عبدالعزيز,King Abdul Aziz Rd,S,طريق الملك عبدالعزيز,King Abdul Aziz Rd,,,,,,,84325.0,2025-02-12 11:47:28,3.0
183,73888,RUHTE332,CL01,R1,CCTV,,,,24.64385,46.5915,,الرياض,Riyadh,1,طريق جدة,Jeddah Rd,W,طريق جدة,Jeddah Rd,,,,,,,84332.0,2024-12-08 14:06:33,4.0
184,75697,RUHSM003,CL01,R1,CCTV,,,,24.754166666666663,46.63236666666667,,الرياض,Riyadh,1,الدائري الشمالي باتجاه الشرق,North Ring to the east,E,,,,,,,,,80003.0,2024-12-08 14:06:27,5.0
185,75699,RUHSM007,CL01,R1,CCTV,,,,24.6727,46.65658333333333,,الرياض,Riyadh,1,شارع الملك خالد مع ام الحمام باتجاه الجنوب,King Khaled Rd,S,,,,,,,,,80007.0,2024-12-08 14:06:28,3.0
186,75701,RUHSM034,CL01,R1,CCTV,,,,24.675466666666665,46.69051666666667,,الرياض,Riyadh,1,طريق الملك فهد,King Fahad Rd,N,طريق الملك فهد,King Fahad Rd,24\24,,,,,,80034.0,2024-12-08 14:06:29,5.0
187,75702,RUHSM049,CL01,R1,CCTV,,,,24.8067,46.75538333333333,,الرياض,Riyadh,1,طريق الدمام,Dammam Rd,W,طريق الدمام,Dammam Rd,,,,,,,80049.0,2024-12-08 14:06:27,5.0
188,75705,RUHSM118,CL01,R1,CCTV,,,,24.53763333333333,46.69106666666666,,الرياض,Riyadh,1,طريق الامام مسلم,Al Imam Muslim,N,طريق الامام مسلم,Al Imam Muslim,,,,,,,80118.0,2025-01-27 11:20:42,3.0
189,75707,RUHSM130,CL01,R1,CCTV,,,,24.6635,46.73083333333334,,الرياض,Riyadh,1,طريق الجامعة,Al Jamiah Rd,W,طريق الجامعة,Al Jamiah Rd,,,,,,,80130.0,2024-12-08 14:06:29,4.0
190,75708,RUHSM131,CL01,R1,CCTV,,,,24.6636,46.73055,,الرياض,Riyadh,1,طريق الجامعة,Al Jamiah Rd,E,طريق الجامعة,Al Jamiah Rd,,,,,,,80131.0,2025-02-12 11:47:27,3.0
191,75711,RUHSM157,CL01,R1,CCTV,,,,24.640816666666662,46.82875,,الرياض,Riyadh,1,طريق الدائري الجنوبي,Southern Ring Rd,E,طريق الدائري الجنوبي,Southern Ring Rd,,,,,,,80157.0,2024-12-08 14:06:29,5.0
192,75712,RUHSM175,CL01,R1,CCTV,,,,24.50808333333333,46.9287,,الرياض,Riyadh,1,طريق الخرج,Al Kharj Road,N,طريق الخرج,Al Kharj Road,,,,,,,80175.0,2025-02-12 11:47:27,3.0
193,75714,RUHSM180,CL01,R1,CCTV,,,,24.66745,46.794916666666666,,الرياض,Riyadh,1,طريق ابي عبيدة عامر بن الجراح,Abu Ubaydah Amir Ibn Aljarrah,W,طريق ابي عبيدة عامر بن الجراح,Abu Ubaydah Amir Ibn Aljarrah,,,,,,,80180.0,2025-02-12 11:47:27,3.0
194,75715,RUHSM181,CL01,R1,CCTV,,,,24.66745,46.794916666666666,,الرياض,Riyadh,1,طريق ابي عبيدة عامر بن الجراح,Abu Ubaydah Amir Ibn Aljarrah,E,طريق ابي عبيدة عامر بن الجراح,Abu Ubaydah Amir Ibn Aljarrah,,,,,,,80181.0,2025-02-12 11:47:27,3.0
195,75720,RUHSM226,CL01,R1,CCTV,,,,24.76363333333333,46.83388333333333,,الرياض,Riyadh,1,طريق ابن الهيثم,Ibn Al Haitham,N,طريق ابن الهيثم,Ibn Al Haitham,,,,,,,80226.0,2025-02-12 11:47:27,3.0
196,75721,RUHSM227,CL01,R1,CCTV,,,,24.76363333333333,46.83388333333333,,الرياض,Riyadh,1,طريق ابن الهيثم,Ibn Al Haitham,S,طريق ابن الهيثم,Ibn Al Haitham,,,,,,,80227.0,2025-02-12 11:47:27,3.0
197,75722,RUHSM232,CL01,R1,CCTV,,,,24.468966666666667,46.61193333333333,,الرياض,Riyadh,1,ديراب طريق,Dirab Rd,E,ديراب طريق,Dirab Rd,,,,,,,80232.0,2024-12-08 14:06:27,2.0
198,75723,RUHSM233,CL01,R1,CCTV,,,,24.54788333333333,46.6873,,الرياض,Riyadh,1,طريق الخليل بن أحمد,Al khalil Ibn Ahmad,E,طريق الخليل بن أحمد,Al khalil Ibn Ahmad,,,,,,,80233.0,2024-12-08 14:06:27,3.0
199,75724,RUHSM235,CL01,R1,CCTV,,,,24.6668,46.78471666666667,,الرياض,Riyadh,1,طريق عمر بن الخطاب,Omar Ibn Al Khattab Rd,W,طريق عمر بن الخطاب,Omar Ibn Al Khattab Rd,,,,,,,80235.0,2025-01-27 11:20:42,4.0
200,75725,RUHSM257,CL01,R1,CCTV,,,,24.541716666666662,46.69608333333333,,الرياض,Riyadh,1,شارع الخليل بن أحمد,Al Khalil Ibn Ahmad,N,شارع الخليل بن أحمد,Al Khalil Ibn Ahmad,,,,,,,80257.0,2024-12-08 14:06:27,4.0
201,75726,RUHSM265,CL01,R1,CCTV,,,,24.628266666666665,46.55445,,الرياض,Riyadh,1,شارع النجران,Al Najran Street,S,شارع النجران,Al Najran Street,,,,,,,80265.0,2025-01-27 11:20:42,4.0
202,75727,RUHSM266,CL01,R1,CCTV,,,,24.621866666666666,46.532066666666665,,الرياض,Riyadh,1,شارع الشفاء,Al Shafa Street,S,شارع الشفاء,Al Shafa Street,,,,,,,80266.0,2025-01-27 11:20:48,4.0
203,75728,RUHSM274,CL01,R1,CCTV,,,,24.816416666666665,46.637683333333335,,الرياض,Riyadh,1,طريق انس بن مالك,Anas Ibn Malik Rd,E,طريق انس بن مالك,Anas Ibn Malik Rd,,,,,,,80274.0,2024-12-08 14:06:33,5.0
204,75730,RUHSM290,CL01,R1,CCTV,,,,24.61555,46.71543333333334,,الرياض,Riyadh,1,ال فريان,Al Farian,N,ال فريان,Al Farian,,,,,,,80290.0,2024-12-08 14:06:33,3.0
205,75731,RUHSM292,CL01,R1,CCTV,,,,24.699816666666667,46.7232,,الرياض,Riyadh,1,صلاح الدين الايوبي,Salah Ad Din Ayyubi Rd,N,صلاح الدين الايوبي,Salah Ad Din Ayyubi Rd,,,,,,,80292.0,2025-01-27 11:20:46,5.0
206,75733,RUHSM337,CL01,R1,CCTV,,,,24.906816666666668,46.9778,,الرياض,Riyadh,1,طريق خريص,Khurais Rd,E,طريق خريص,Khurais Rd,,,,,,,80337.0,2025-02-12 11:47:28,3.0
207,75734,RUHSM350,CL01,R1,CCTV,,,,24.764233333333333,46.69311666666667,,الرياض,Riyadh,1,طريق ابي بكر الصديق,Abi Bakr As Siddiq Rd,N,طريق ابي بكر الصديق,Abi Bakr As Siddiq Rd,,,,,,,80350.0,2025-02-12 11:47:28,3.0
208,75740,RUHSM459,CL01,R1,CCTV,,,,24.584953,46.655223,,الرياض,Riyadh,1,عائشة بنت ابي بكر,Ayesha Bint Abi Bakar,E,عائشة بنت ابي بكر,Ayesha Bint Abi Bakar,,,,,,,,2025-02-12 11:47:28,3.0
209,75743,RUHSM543,CL01,R1,CCTV,,,,24.906995,46.643326,,الرياض,Riyadh,1,طريق عثمان بن عفان,Othman Bin Affan Rd,E,طريق عثمان بن عفان,Othman Bin Affan Rd,,,,,,,,2025-02-12 11:47:27,4.0
210,75744,RUHSM556,CL01,R1,CCTV,,,,24.871935,46.660699,,الرياض,Riyadh,1,طريق عثمان بن عفان,Uthman Ibn Affan Rd,S,طريق عثمان بن عفان,Uthman Ibn Affan Rd,,,,,,,,2025-02-12 11:47:27,4.0
211,75745,RUHTE330,CL01,R1,CCTV,,,,24.798016666666665,46.64018333333333,,الرياض,Riyadh,1,طريق الامام سعود بن فيصل,Al Imam Saud Ibn Faysal Rd,W,طريق الامام سعود بن فيصل,Al Imam Saud Ibn Faysal Rd,,,,,,,84330.0,2024-12-08 14:06:33,5.0
212,75746,RUHTE331,CL01,R1,CCTV,,,,24.588083333333334,46.66896666666667,,الرياض,Riyadh,1,السويدي العام,Al Souweidi Al Aam,W,السويدي العام,Al Souweidi Al Aam,,,,,,,84331.0,2025-02-12 11:47:28,4.0
213,76710,RUHSM018,CL01,R1,CCTV,,,,24.828416666666666,46.61958333333333,,الرياض,Riyadh,1,طريق الملك سلمان شرق,King Salman Rd,E,,,,,,,,,80018.0,2025-01-27 11:20:47,4.0
214,76711,RUHSM035,CL01,R1,CCTV,,,,24.62033333333333,46.57425,,الرياض,Riyadh,1,طريق مكة المكرمة,Makkah Rd,E,,,,,,,,,80035.0,2024-12-08 14:06:29,5.0
215,76713,RUHSM053,CL01,R1,CCTV,,,,24.67288333333333,46.69168333333333,,الرياض,Riyadh,1,طريق الملك فهد,King Fahad Rd,S,طريق الملك فهد,King Fahad Rd,24\24,,,,,,80053.0,2024-12-08 14:06:27,4.0
216,76714,RUHSM060,CL01,R1,CCTV,,,,24.832266666666666,46.7234,,الرياض,Riyadh,1,طريق المطار,Airport Road,S,طريق المطار,Airport Road,,,,,,,80060.0,2024-12-08 14:06:29,5.0
217,76715,RUHSM074,CL01,R1,CCTV,,,,24.686916666666665,46.63178333333333,,الرياض,Riyadh,1,شارع عمرو الضميري (السفارات),Amr Aldamri St(Al Safarat),E,شارع عمرو الضميري (السفارات),Amr Aldamri St(Al Safarat),,,,,,,80074.0,2025-02-12 11:47:27,3.0
218,76717,RUHSM093,CL01,R1,CCTV,,,,24.83325,46.8204,,الرياض,Riyadh,1,طريق الدمام,Dammam Road,W,طريق الدمام,Dammam Road,,,,,,,80093.0,2024-12-08 14:06:29,4.0
219,76720,RUHSM128,CL01,R1,CCTV,,,,24.69815,46.678916666666666,,الرياض,Riyadh,1,طريق الملك فهد,King Fahd Rd,S,طريق الملك فهد,King Fahd Rd,,,,,,,80128.0,2025-01-27 11:20:46,4.0
220,76721,RUHSM136,CL01,R1,CCTV,,,,24.620266666666662,46.58083333333333,,الرياض,Riyadh,1,الطريق الدائري الغربي,Western Ring Road,N,الطريق الدائري الغربي,Western Ring Road,,,,,,,80136.0,2025-02-12 11:47:27,4.0
221,76722,RUHSM156,CL01,R1,CCTV,,,,24.72555,46.77981666666667,,الرياض,Riyadh,1,طريق خريص,Khurais Rd,E,طريق خريص,Khurais Rd,,,,,,,80156.0,2024-12-08 14:06:30,4.0
222,76723,RUHSM161,CL01,R1,CCTV,,,,24.633466666666667,46.811933333333336,,الرياض,Riyadh,1,طريق الدائري الجنوبي,Southern Ring Rd,E,طريق الدائري الجنوبي,Southern Ring Rd,,,,,,,80161.0,2025-02-12 11:47:27,5.0
223,76724,RUHSM165,CL01,R1,CCTV,,,,24.57985,46.55166666666667,,الرياض,Riyadh,1,شارع بلال بن رباح,Bilal Ibn Rabah Rd,W,شارع بلال بن رباح,Bilal Ibn Rabah Rd,,,,,,,80165.0,2025-01-27 11:20:42,4.0
224,76725,RUHSM169,CL01,R1,CCTV,,,,24.59786666666667,46.61736666666667,,الرياض,Riyadh,1,طريق حمزة بن عبدالمطلب,Hamzah Ibn Abdul Muttalib Rd,N,طريق حمزة بن عبدالمطلب,Hamzah Ibn Abdul Muttalib Rd,,,,,,,80169.0,2025-02-12 11:47:27,4.0
225,76726,RUHSM174,CL01,R1,CCTV,,,,24.50808333333333,46.9287,,الرياض,Riyadh,1,طريق الخرج,Al Kharj Road,S,طريق الخرج,Al Kharj Road,,,,,,,80174.0,2025-01-27 11:20:46,3.0
226,76728,RUHSM189,CL01,R1,CCTV,,,,24.6013,46.63955,,الرياض,Riyadh,1,شارع ابن الجوزي,Ibn Al Jauzi Street,S,شارع ابن الجوزي,Ibn Al Jauzi Street,,,,,,,80189.0,2025-01-27 11:20:42,4.0
227,76729,RUHSM211,CL01,R1,CCTV,,,,24.743166666666667,46.80018333333334,,الرياض,Riyadh,1,طريق عبدالرحمن الناصر,Abdulrahaman An Nasir,N,طريق عبدالرحمن الناصر,Abdulrahaman An Nasir,,,,,,,80211.0,2024-12-08 14:06:29,3.0
228,76731,RUHSM216,CL01,R1,CCTV,,,,24.5873,46.588683333333336,,الرياض,Riyadh,1,طريق خديجه بنت خويلد,Khadijah bint khuwailid Rd,W,طريق خديجه بنت خويلد,Khadijah bint khuwailid Rd,,,,,,,80216.0,2025-01-27 11:20:42,4.0
229,76732,RUHSM228,CL01,R1,CCTV,,,,24.73953333333333,46.595933333333335,,الرياض,Riyadh,1,الطريق الدائري الشمالي,Northern Ring Road,W,الطريق الدائري الشمالي,Northern Ring Road,,,,,,,80228.0,2025-01-27 11:20:42,6.0
230,76733,RUHSM251,CL01,R1,CCTV,,,,24.796266666666668,46.77818333333333,,الرياض,Riyadh,1,طريق الإمام عبدالله بن سعود بن أشبيلية,Imam Abdullah Bin Saud Bin Abdulaziz Rd,W,طريق الإمام عبدالله بن سعود بن أشبيلية,Imam Abdullah Bin Saud Bin Abdulaziz Rd,,,,,,,80251.0,2025-02-12 11:47:28,3.0
231,76734,RUHSM260,CL01,R1,CCTV,,,,24.618266666666667,46.535266666666665,,الرياض,Riyadh,1,"شارع الشفاء, ظهرة لبن",Al Shafa Rd,W,"شارع الشفاء, ظهرة لبن",Al Shafa Rd,,,,,,,80260.0,2024-12-08 14:06:27,4.0
232,76735,RUHSM261,CL01,R1,CCTV,,,,24.82205,46.83245,,الرياض,Riyadh,1,طريق الإمام عبدالله بن سعود بن عبدالعزيز,Imam Abdullah Ibn Saud Ibn Abdulaziz Rd,W,طريق الإمام عبدالله بن سعود بن عبدالعزيز,Imam Abdullah Ibn Saud Ibn Abdulaziz Rd,,,,,,,80261.0,2025-02-12 11:47:27,5.0
233,76736,RUHSM270,CL01,R1,CCTV,,,,24.642316666666662,46.7355,,الرياض,Riyadh,1,طريق الخرج,Al Kharj Rd,S,طريق الخرج,Al Kharj Rd,,,,,,,80270.0,2024-12-08 14:06:27,5.0
234,76737,RUHSM278,CL01,R1,CCTV,,,,24.676033333333333,46.8503,,الرياض,Riyadh,1,طريق شبه الجزيرة,Shibh Al Jazirah Rd,N,طريق شبه الجزيرة,Shibh Al Jazirah Rd,,,,,,,80278.0,2024-12-08 14:06:27,5.0
235,76738,RUHSM296,CL01,R1,CCTV,,,,24.778033333333333,46.78086666666667,,الرياض,Riyadh,1,طريق الملك عبدالله ,King Abdullah Road,W,طريق الملك عبدالله ,King Abdullah Road,,,,,,,80296.0,2024-12-08 14:06:30,4.0
236,76739,RUHSM305,CL01,R1,CCTV,,,,24.83785,46.65596666666666,,الرياض,Riyadh,1,طريق ابو بكر الصديق,Abi Bakr As Siddiq Rd,S,طريق ابو بكر الصديق,Abi Bakr As Siddiq Rd,,,,,,,80305.0,2025-01-27 11:20:46,4.0
237,76740,RUHSM316,CL01,R1,CCTV,,,,24.54188333333333,46.70388333333333,,الرياض,Riyadh,1,الخليفة المامون,Al Khalifah Al Maamoun,N,الخليفة المامون,Al Khalifah Al Maamoun,,80.0,80.0,80.0,,,80316.0,2024-12-08 14:06:33,4.0
238,76741,RUHSM326,CL01,R1,CCTV,,,,24.57881666666667,46.74155,,الرياض,Riyadh,1,طريق النصر,An Nasr Rd,W,طريق النصر,An Nasr Rd,,,,,,,80326.0,2025-02-12 11:47:28,3.0
239,76745,RUHSM380,CL01,R1,CCTV,,,,24.84143333333333,46.80636666666667,,الرياض,Riyadh,1,شارع وادي الساحل,Al Sahel Valley St,N,شارع وادي الساحل,Al Sahel Valley St,,,,,,,80380.0,2025-02-12 11:47:28,5.0
240,76751,RUHSM433,CL01,R1,CCTV,,,,24.890686,46.807975,,الرياض,Riyadh,1,طريق الثمامة,Ath Thumamah Rd,S,طريق الثمامة,Ath Thumamah Rd,,,,,,,,2024-12-08 14:06:34,3.0
241,76753,RUHSM467,CL01,R1,CCTV,,,,24.626622,46.520031,,الرياض,Riyadh,1,طريق الطايف,Taif Rd,W,طريق الطايف,Taif Rd,,,,,,,,2025-01-27 11:20:47,4.0
242,76756,RUHSM526,CL01,R1,CCTV,,,,25.012967,46.681,,الرياض,Riyadh,1,طريق المطار بنبان,Airport Banban Rd,N,طريق المطار بنبان,Airport Banban Rd,,,,,,,,2025-02-12 11:47:28,2.0
243,76757,RUHSM530,CL01,R1,CCTV,,,,24.607167,46.659944,,الرياض,Riyadh,1,طريق معاوية بن ابي سفيان,Muawiyah Ibn Abi Sufyan Road,N,طريق معاوية بن ابي سفيان,Muawiyah Ibn Abi Sufyan Road,,,,,,,,2025-02-12 11:47:27,3.0
244,76758,RUHTE305,CL01,R1,CCTV,,,,24.59018333333333,46.76831666666666,,الرياض,Riyadh,1,طريق النصر,An Nasr Rd,E,طريق النصر,An Nasr Rd,,,,,,,84305.0,2024-12-08 14:06:33,3.0
245,76759,RUHTE312,CL01,R1,CCTV,,,,24.724816666666666,46.8466,,الرياض,Riyadh,1,شارع أبي هريرة,Abi Hourairah Street,S,شارع أبي هريرة,Abi Hourairah Street,,,,,,,84312.0,2025-02-12 11:47:28,4.0
246,76760,RUHTE318,CL01,R1,CCTV,,,,24.8014,46.78305,,الرياض,Riyadh,1,طريق الصحابة,Al Sahaba Rd,N,طريق الصحابة,Al Sahaba Rd,,,,,,,84318.0,2024-12-08 14:06:33,5.0
247,76761,RUHTE319,CL01,R1,CCTV,,,,24.8014,46.78305,,الرياض,Riyadh,1,طريق الصحابة,Al Sahaba Rd,S,طريق الصحابة,Al Sahaba Rd,,,,,,,84319.0,2024-12-08 14:06:33,5.0
25,42947,RUHSM196,CL01,R1,CCTV,,,,24.795667,46.650467,,الرياض,Riyadh,1,طريق الثمامة,Ath Thumamah Rd,E,طريق الثمامة,Ath Thumamah Rd,,,,,,,,2025-09-02 11:50:00,4.0
0,42900,RUHSM300,CL01,R1,CCTV,,,,,,,الرياض,Riyadh,1,,,,,,,,,,,,80001.0,2025-02-12 11:47:27,3.0
